"filename", "language", "C", "C++", "Java", "comment", "blank", "total"
"c:\cpp\c\3-4.c", "C", 29, 0, 0, 0, 1, 30
"c:\cpp\c\ipd地址.c", "C", 35, 0, 0, 0, 10, 45
"c:\cpp\c\m趟选择排序1.c", "C", 35, 0, 0, 0, 0, 35
"c:\cpp\c\m趟选择排序2.c", "C", 42, 0, 0, 0, 1, 43
"c:\cpp\c\test.c", "C", 34, 0, 0, 0, 12, 46
"c:\cpp\c\test2.c", "C", 20, 0, 0, 0, 1, 21
"c:\cpp\c\三角形判断.c", "C", 26, 0, 0, 0, 2, 28
"c:\cpp\c\上三角矩阵.c", "C", 48, 0, 0, 0, 1, 49
"c:\cpp\c\不变初心数.c", "C", 38, 0, 0, 0, 0, 38
"c:\cpp\c\倒叙字符.c", "C", 19, 0, 0, 0, 1, 20
"c:\cpp\c\兔子繁衍.c", "C", 22, 0, 0, 0, 0, 22
"c:\cpp\c\公约数公倍数.c", "C", 20, 0, 0, 0, 0, 20
"c:\cpp\c\凯撒密码.c", "C", 24, 0, 0, 0, 0, 24
"c:\cpp\c\出租车计价.c", "C", 25, 0, 0, 0, 0, 25
"c:\cpp\c\函数.c", "C", 13, 0, 0, 0, 0, 13
"c:\cpp\c\分数求和.c", "C", 14, 0, 0, 0, 0, 14
"c:\cpp\c\分段函数.c", "C", 11, 0, 0, 0, 1, 12
"c:\cpp\c\删除重复字符.c", "C", 18, 0, 0, 0, 0, 18
"c:\cpp\c\华氏摄氏表.c", "C", 20, 0, 0, 0, 0, 20
"c:\cpp\c\单词首字母.c", "C", 25, 0, 0, 1, 2, 28
"c:\cpp\c\单词首字母大写.c", "C", 35, 0, 0, 0, 5, 40
"c:\cpp\c\吃桃.c", "C", 11, 0, 0, 0, 0, 11
"c:\cpp\c\四位数字.c", "C", 43, 0, 0, 0, 0, 43
"c:\cpp\c\大写辅音.c", "C", 13, 0, 0, 0, 0, 13
"c:\cpp\c\奇数分数求和.c", "C", 16, 0, 0, 0, 1, 17
"c:\cpp\c\字符串排序.c", "C", 24, 0, 0, 0, 0, 24
"c:\cpp\c\字符串替换.c", "C", 14, 0, 0, 0, 0, 14
"c:\cpp\c\字符串转换成十进制整数.c", "C", 76, 0, 0, 0, 3, 79
"c:\cpp\c\字符串逆序.c", "C", 16, 0, 0, 0, 0, 16
"c:\cpp\c\幸运彩票.c", "C", 25, 0, 0, 0, 0, 25
"c:\cpp\c\打印杨辉三角.c", "C", 36, 0, 0, 0, 0, 36
"c:\cpp\c\找出不是两个数组共有的元素.c", "C", 70, 0, 0, 0, 0, 70
"c:\cpp\c\找出最小值.c", "C", 18, 0, 0, 0, 1, 19
"c:\cpp\c\找鞍点.c", "C", 43, 0, 0, 0, 1, 44
"c:\cpp\c\拼音.c", "C", 102, 0, 0, 0, 1, 103
"c:\cpp\c\换硬币.c", "C", 20, 0, 0, 0, 0, 20
"c:\cpp\c\排序.c", "C", 30, 0, 0, 0, 0, 30
"c:\cpp\c\数组去重.c", "C", 21, 0, 0, 0, 0, 21
"c:\cpp\c\数组排序.c", "C", 27, 0, 0, 0, 0, 27
"c:\cpp\c\数组翻转.c", "C", 22, 0, 0, 0, 0, 22
"c:\cpp\c\方阵循环右移.c", "C", 27, 0, 0, 0, 1, 28
"c:\cpp\c\时间换算.c", "C", 39, 0, 0, 0, 0, 39
"c:\cpp\c\替换加密.c", "C", 27, 0, 0, 0, 0, 27
"c:\cpp\c\最长的单词.c", "C", 44, 0, 0, 0, 0, 44
"c:\cpp\c\查找字符.c", "C", 24, 0, 0, 0, 1, 25
"c:\cpp\c\查找整数.c", "C", 30, 0, 0, 0, 0, 30
"c:\cpp\c\查询水果价格.c", "C", 24, 0, 0, 0, 2, 26
"c:\cpp\c\比较大小.c", "C", 28, 0, 0, 0, 0, 28
"c:\cpp\c\水仙花数.c", "C", 24, 0, 0, 0, 3, 27
"c:\cpp\c\求e的近似值.c", "C", 22, 0, 0, 1, 2, 25
"c:\cpp\c\求一元二次方程的根.c", "C", 49, 0, 0, 0, 0, 49
"c:\cpp\c\求一批整数中出现最多的个位数字.c", "C", 66, 0, 0, 0, 2, 68
"c:\cpp\c\求交错序列前N项和.c", "C", 16, 0, 0, 0, 1, 17
"c:\cpp\c\求分数序列前N项和.c", "C", 31, 0, 0, 0, 0, 31
"c:\cpp\c\求奇数和.C", "C", 17, 0, 0, 0, 0, 17
"c:\cpp\c\求幂级数展开的部分和.c", "C", 29, 0, 0, 0, 2, 31
"c:\cpp\c\求平方与倒数序列的部分和.c", "C", 15, 0, 0, 0, 0, 15
"c:\cpp\c\求平方根序列前N项和.c", "C", 14, 0, 0, 0, 1, 15
"c:\cpp\c\求整数均值.c", "C", 9, 0, 0, 0, 0, 9
"c:\cpp\c\求整数序列中出现次数最多的数.c", "C", 26, 0, 0, 0, 1, 27
"c:\cpp\c\求最大值及其下标.c", "C", 20, 0, 0, 0, 2, 22
"c:\cpp\c\求矩阵各行元素之和.c", "C", 24, 0, 0, 0, 0, 24
"c:\cpp\c\求矩阵的局部极大值.c", "C", 25, 0, 0, 0, 0, 25
"c:\cpp\c\求简单交错序列前N项和.c", "C", 18, 0, 0, 0, 0, 18
"c:\cpp\c\求组合数.c", "C", 21, 0, 0, 0, 1, 22
"c:\cpp\c\求给定精度的简单交错序列部分和.c", "C", 17, 0, 0, 0, 0, 17
"c:\cpp\c\求阶乘序列前N项和.c", "C", 22, 0, 0, 0, 2, 24
"c:\cpp\c\特殊a串数列求和.c", "C", 14, 0, 0, 0, 0, 14
"c:\cpp\c\猜数字游戏.c", "C", 41, 0, 0, 0, 2, 43
"c:\cpp\c\猴子选大王.c", "C", 36, 0, 0, 0, 17, 53
"c:\cpp\c\生成3的乘方表.c", "C", 15, 0, 0, 0, 0, 15
"c:\cpp\c\矩阵运算.c", "C", 28, 0, 0, 0, 3, 31
"c:\cpp\c\简化的插入排序.c", "C", 47, 0, 0, 0, 0, 47
"c:\cpp\c\统计单词数.c", "C", 39, 0, 0, 0, 1, 40
"c:\cpp\c\统计字符.c", "C", 26, 0, 0, 0, 2, 28
"c:\cpp\c\统计学生平均成绩与及格人数.c", "C", 28, 0, 0, 0, 3, 31
"c:\cpp\c\统计素数并求和.c", "C", 31, 0, 0, 0, 1, 32
"c:\cpp\c\菱形.c", "C", 25, 0, 0, 0, 1, 26
"c:\cpp\c\螺线方阵.c", "C", 34, 0, 0, 0, 0, 34
"c:\cpp\c\计算器.c", "C", 39, 0, 0, 0, 2, 41
"c:\cpp\c\计算天数.c", "C", 41, 0, 0, 0, 0, 41
"c:\cpp\c\计算存款利息.c", "C", 10, 0, 0, 0, 2, 12
"c:\cpp\c\身份证排序.c", "C", 24, 0, 0, 0, 1, 25
"c:\cpp\c\输出GPLT.c", "C", 49, 0, 0, 0, 1, 50
"c:\cpp\c\输出闰年.c", "C", 24, 0, 0, 0, 0, 24
"c:\cpp\c\逆序的三位数.c", "C", 16, 0, 0, 0, 0, 16
"c:\cpp\c\阶梯电价.c", "C", 16, 0, 0, 0, 0, 16
"c:\cpp\c\高空坠球.c", "C", 22, 0, 0, 0, 0, 22
"c:\cpp\c\高速公路超速处罚.c", "C", 18, 0, 0, 0, 0, 18
"c:\cpp\c\黑洞数.c", "C", 53, 0, 0, 0, 0, 53
"c:\cpp\cpp\1111模板\zzz_模板.cpp", "C++", 0, -79, 0, -9, -13, -101
"c:\cpp\cpp\2222debug\test.cpp", "C++", 0, -48, 0, 0, -15, -63
"c:\cpp\cpp\2222debug\test2.cpp", "C++", 0, -46, 0, -12, -15, -73
"c:\cpp\cpp\2222debug\test3.cpp", "C++", 0, -45, 0, 0, -13, -58
"c:\cpp\cpp\3333无题\Capoo.cpp", "C++", 0, -51, 0, -5, -22, -78
"c:\cpp\cpp\3333无题\原神.cpp", "C++", 0, -43, 0, -2, -28, -73
"c:\cpp\cpp\Codeforces\196_A_Koshary.cpp", "C++", 0, -19, 0, 0, -4, -23
"c:\cpp\cpp\Codeforces\196_B_Party Monster.cpp", "C++", 0, -26, 0, 0, -7, -33
"c:\cpp\cpp\Codeforces\196_C_Snowfall.cpp", "C++", 0, -36, 0, 0, -12, -48
"c:\cpp\cpp\Codeforces\196_D_Palindromex.cpp", "C++", 0, -48, 0, 0, -18, -66
"c:\cpp\cpp\Codeforces\196_E_It All Went Sideways.cpp", "C++", 0, -40, 0, 0, -12, -52
"c:\cpp\cpp\Codeforces\196_F_It Just Keeps Going Sideways.cpp", "C++", 0, -42, 0, 0, -16, -58
"c:\cpp\cpp\abc\446_A_Handmaid.cpp", "C++", 0, -12, 0, 0, -4, -16
"c:\cpp\cpp\abc\446_B_Greedy Draft.cpp", "C++", 0, -28, 0, 0, -6, -34
"c:\cpp\cpp\abc\446_C_Omelette Restaurant.cpp", "C++", 0, -38, 0, -3, -8, -49
"c:\cpp\cpp\abc\446_D_Max Straight.cpp", "C++", 0, -20, 0, 0, -5, -25
"c:\cpp\cpp\abc\447_A_ Seats 2.cpp", "C++", 0, -11, 0, 0, -5, -16
"c:\cpp\cpp\abc\447_B_mpp.cpp", "C++", 0, -21, 0, 0, -4, -25
"c:\cpp\cpp\abc\447_C_Insert and Erase A.cpp", "C++", 0, -70, 0, 0, -10, -80
"c:\cpp\cpp\abc\447_D_Take ABC 2.cpp", "C++", 0, -36, 0, 0, -5, -41
"c:\cpp\cpp\abc\448_A_chmin.cpp", "C++", 0, -21, 0, 0, -3, -24
"c:\cpp\cpp\abc\448_B_Pepper Addiction.cpp", "C++", 0, -32, 0, 0, -7, -39
"c:\cpp\cpp\abc\448_C_Except and Min.cpp", "C++", 0, -46, 0, 0, -13, -59
"c:\cpp\cpp\abc\448_D_Integer-duplicated Path.cpp", "C++", 0, -34, 0, 0, -10, -44
"c:\cpp\cpp\abc\449_A_π.cpp", "C++", 0, -10, 0, 0, -1, -11
"c:\cpp\cpp\abc\449_B_Deconstruct Chocolate.cpp", "C++", 0, -24, 0, 0, -3, -27
"c:\cpp\cpp\abc\449_C_Comfortable Distance.cpp", "C++", 0, -26, 0, 0, -7, -33
"c:\cpp\cpp\abc\450_A_3,2,1,GO.cpp", "C++", 0, -19, 0, 0, -2, -21
"c:\cpp\cpp\abc\450_B_Split Ticketing.cpp", "C++", 0, -27, 0, 0, -5, -32
"c:\cpp\cpp\abc\450_C_Puddles.cpp", "C++", 0, -44, 0, 0, -10, -54
"c:\cpp\cpp\abc\450_D_Minimize Range.cpp", "C++", 0, -21, 0, 0, -5, -26
"c:\cpp\cpp\abc\451_A_illegal.cpp", "C++", 0, -11, 0, 0, -2, -13
"c:\cpp\cpp\abc\451_B_Personnel Change.cpp", "C++", 0, -19, 0, 0, -3, -22
"c:\cpp\cpp\abc\451_C_ Understory.cpp", "C++", 0, -28, 0, 0, -3, -31
"c:\cpp\cpp\abc\451_D_ Concat Power of 2.cpp", "C++", 0, -48, 0, 0, -9, -57
"c:\cpp\cpp\abc\451_E_Tree Distance.cpp", "C++", 0, -40, 0, 0, -10, -50
"c:\cpp\cpp\abc\452_A_Gothec.cpp", "C++", 0, -11, 0, 0, -2, -13
"c:\cpp\cpp\abc\452_B_Draw Frame.cpp", "C++", 0, -26, 0, 0, -3, -29
"c:\cpp\cpp\abc\452_C_Fishbones.cpp", "C++", 0, -45, 0, 0, -10, -55
"c:\cpp\cpp\abc\452_D_ No-Subsequence Substring.cpp", "C++", 0, -48, 0, 0, -12, -60
"c:\cpp\cpp\abc\453_A_Trimo.cpp", "C++", 0, -14, 0, 0, -4, -18
"c:\cpp\cpp\abc\453_B_Sensor Data Logging.cpp", "C++", 0, -26, 0, 0, -8, -34
"c:\cpp\cpp\abc\453_C_Sneaking Glances.cpp", "C++", 0, -29, 0, 0, -7, -36
"c:\cpp\cpp\abc\453_D_Go Straight.cpp", "C++", 0, -85, 0, 0, -11, -96
"c:\cpp\cpp\abc\454_A_Closed interval.cpp", "C++", 0, -9, 0, 0, -3, -12
"c:\cpp\cpp\abc\454_B_Mapping .cpp", "C++", 0, -26, 0, 0, -6, -32
"c:\cpp\cpp\abc\454_C_Straw Millionaire.cpp", "C++", 0, -33, 0, 0, -7, -40
"c:\cpp\cpp\abc\454_D_ (xx).cpp", "C++", 0, -36, 0, 0, -9, -45
"c:\cpp\cpp\abc\455_A_455.cpp", "C++", 0, -10, 0, 0, -3, -13
"c:\cpp\cpp\abc\455_B_Spiral Galaxy.cpp", "C++", 0, -53, 0, 0, -14, -67
"c:\cpp\cpp\abc\455_C_Vanish .cpp", "C++", 0, -39, 0, 0, -13, -52
"c:\cpp\cpp\abc\455_D_ Card Pile Query.cpp", "C++", 0, -44, 0, 0, -14, -58
"c:\cpp\cpp\abc\455_E_ Unbalanced ABC Substrings.cpp", "C++", 0, -49, 0, 0, -19, -68
"c:\cpp\cpp\abc\456_A_Dice.cpp", "C++", 0, -9, 0, 0, -4, -13
"c:\cpp\cpp\abc\456_B_456.cpp", "C++", 0, -37, 0, 0, -6, -43
"c:\cpp\cpp\abc\456_C_ Not Adjacent.cpp", "C++", 0, -32, 0, 0, -9, -41
"c:\cpp\cpp\abc\456_D_ Not Adjacent 2.cpp", "C++", 0, -30, 0, 0, -7, -37
"c:\cpp\cpp\abc\456_E_ Endless Holidays.cpp", "C++", 0, -60, 0, 0, -16, -76
"c:\cpp\cpp\杭电周赛\0001_最大的公约数.cpp", "C++", 0, -41, 0, 0, -8, -49
"c:\cpp\cpp\杭电周赛\0002_雪蜜冰城柠檬茶的神秘成分魔法.cpp", "C++", 0, -77, 0, 0, -10, -87
"c:\cpp\cpp\杭电周赛\0003_杂草蔓延.cpp", "C++", 0, -22, 0, 0, -3, -25
"c:\cpp\cpp\杭电周赛\0007_最大三段和.cpp", "C++", 0, -39, 0, 0, -11, -50
"c:\cpp\cpp\杭电周赛\0009_临渊羡鱼.cpp", "C++", 0, -20, 0, 0, -5, -25
"c:\cpp\cpp\杭电周赛\0010_收买时间.cpp", "C++", 0, -85, 0, -1, -23, -109
"c:\cpp\cpp\杭电周赛\1005_大户爱的开根.cpp", "C++", 0, -48, 0, 0, -9, -57
"c:\cpp\cpp\杭电周赛\1006_巧克力工厂.cpp", "C++", 0, -39, 0, 0, -9, -48
"c:\cpp\cpp\杭电周赛\1008_大户爱的gcd.cpp", "C++", 0, -45, 0, 0, -2, -47
"c:\cpp\cpp\杭电周赛\1009_力的平衡.cpp", "C++", 0, -66, 0, 0, -18, -84
"c:\cpp\cpp\杭电周赛\2004_三途川畔.cpp", "C++", 0, -30, 0, 0, -2, -32
"c:\cpp\cpp\杭电周赛\2006_姐妹共读.cpp", "C++", 0, -31, 0, 0, -2, -33
"c:\cpp\cpp\杭电周赛\2008_古都茶叙.cpp", "C++", 0, -43, 0, 0, -7, -50
"c:\cpp\cpp\杭电周赛\2009_微缩庭园.cpp", "C++", 0, -22, 0, 0, -2, -24
"c:\cpp\cpp\杭电周赛\3001_河城杂货.cpp", "C++", 0, -54, 0, 0, -9, -63
"c:\cpp\cpp\杭电周赛\3003_3X3安全箱.cpp", "C++", 0, -51, 0, 0, -11, -62
"c:\cpp\cpp\杭电周赛\3004_式神契约论.cpp", "C++", 0, -30, 0, 0, -5, -35
"c:\cpp\cpp\杭电周赛\3007_扑克牌.cpp", "C++", 0, -41, 0, 0, -10, -51
"c:\cpp\cpp\杭电周赛\4004_左右脑互搏.cpp", "C++", 0, -47, 0, -5, -12, -64
"c:\cpp\cpp\杭电周赛\4007_Turn Of A Page.cpp", "C++", 0, -28, 0, 0, -10, -38
"c:\cpp\cpp\杭电周赛\4008_谁输谁洗碗.cpp", "C++", 0, -56, 0, 0, -12, -68
"c:\cpp\cpp\杭电周赛\4010_Sort.cpp", "C++", 0, -46, 0, 0, -9, -55
"c:\cpp\cpp\杭电周赛\5003_马蹄疾.cpp", "C++", 0, -22, 0, 0, -7, -29
"c:\cpp\cpp\杭电周赛\5005_老骥伏枥.cpp", "C++", 0, -20, 0, 0, -6, -26
"c:\cpp\cpp\杭电周赛\6003_绩点查询.cpp", "C++", 0, -27, 0, 0, -10, -37
"c:\cpp\cpp\杭电周赛\6005_向量压缩.cpp", "C++", 0, -37, 0, 0, -11, -48
"c:\cpp\cpp\杭电周赛\6007_不开心世纪.cpp", "C++", 0, -46, 0, 0, -12, -58
"c:\cpp\cpp\洛谷刷题训练\1.1_金币.cpp", "C++", 0, -24, 0, 0, -7, -31
"c:\cpp\cpp\洛谷刷题训练\1.2_接水问题.cpp", "C++", 0, -22, 0, 0, -9, -31
"c:\cpp\cpp\洛谷刷题训练\1.3_最接近神的人.cpp", "C++", 0, -41, 0, 0, -12, -53
"c:\cpp\cpp\洛谷刷题训练\1.4_搭配购买.cpp", "C++", 0, -75, 0, 0, -16, -91
"c:\cpp\cpp\洛谷刷题训练\2.1_棋盘问题.cpp", "C++", 0, -26, 0, 0, -16, -42
"c:\cpp\cpp\洛谷刷题训练\2.2_ 混合牛奶 Mixing Milk.cpp", "C++", 0, -70, 0, 0, -17, -87
"c:\cpp\cpp\洛谷刷题训练\2.3_ 开心的金明.cpp", "C++", 0, -54, 0, 0, -14, -68
"c:\cpp\cpp\洛谷刷题训练\2.4_借教室.cpp", "C++", 0, -79, 0, 0, -21, -100
"c:\cpp\cpp\洛谷刷题训练\3.1_Phone numbers.cpp", "C++", 0, -43, 0, 0, -7, -50
"c:\cpp\cpp\洛谷刷题训练\3.2_zzc 种田.cpp", "C++", 0, -20, 0, 0, -9, -29
"c:\cpp\cpp\洛谷刷题训练\3.3_信息传递.cpp", "C++", 0, -47, 0, 0, -13, -60
"c:\cpp\cpp\洛谷刷题训练\3.4_Decrease.cpp", "C++", 0, -46, 0, 0, -11, -57
"c:\cpp\cpp\洛谷刷题训练\4.1_陶陶摘苹果.cpp", "C++", 0, -13, 0, 0, -6, -19
"c:\cpp\cpp\洛谷刷题训练\4.2_陶陶摘苹果（升级版）.cpp", "C++", 0, -29, 0, 0, -9, -38
"c:\cpp\cpp\洛谷刷题训练\4.3_Music Notes S.cpp", "C++", 0, -28, 0, 0, -8, -36
"c:\cpp\cpp\洛谷刷题训练\4.4_字串变换.cpp", "C++", 0, -43, 0, 0, -14, -57
"c:\cpp\cpp\洛谷刷题训练\5.1_优秀的拆分.cpp", "C++", 0, -33, 0, 0, -9, -42
"c:\cpp\cpp\洛谷刷题训练\5.2_删数问题.cpp", "C++", 0, -26, 0, 0, -6, -32
"c:\cpp\cpp\洛谷刷题训练\5.3_集合 Subset Sums.cpp", "C++", 0, -27, 0, 0, -8, -35
"c:\cpp\cpp\洛谷刷题训练\5.4_矩形.cpp", "C++", 0, -42, 0, 0, -10, -52
"c:\cpp\cpp\牛客周赛\Round130_A_红美铃的访客登记.cpp", "C++", 0, -16, 0, 0, -5, -21
"c:\cpp\cpp\牛客周赛\Round130_B_爱丽丝的魔力零件分类.cpp", "C++", 0, -78, 0, 0, -16, -94
"c:\cpp\cpp\牛客周赛\Round131_C_Get The Sequence.cpp", "C++", 0, -60, 0, 0, -16, -76
"c:\cpp\cpp\牛客周赛\Round131_D_Longest Subsequence.cpp", "C++", 0, -60, 0, 0, -13, -73
"c:\cpp\cpp\牛客周赛\Round131_E_Eat The Candy.cpp", "C++", 0, -72, 0, 0, -18, -90
"c:\cpp\cpp\牛客周赛\Round132_A_ICPC Time.cpp", "C++", 0, -11, 0, 0, -4, -15
"c:\cpp\cpp\牛客周赛\Round132_B_倍数.cpp", "C++", 0, -54, 0, 0, -11, -65
"c:\cpp\cpp\牛客周赛\Round132_C_邻合.cpp", "C++", 0, -65, 0, -22, -17, -104
"c:\cpp\cpp\牛客周赛\Round132_D_对和.cpp", "C++", 0, -63, 0, 0, -12, -75
"c:\cpp\cpp\牛客周赛\Round132_E_镜像.cpp", "C++", 0, -93, 0, 0, -18, -111
"c:\cpp\cpp\牛客周赛\Round132_F_差异.cpp", "C++", 0, -76, 0, 0, -17, -93
"c:\cpp\cpp\牛客周赛\Round133_A_小红的闭合标签.cpp", "C++", 0, -21, 0, 0, -4, -25
"c:\cpp\cpp\牛客周赛\Round133_B_小红的众数.cpp", "C++", 0, -21, 0, 0, -5, -26
"c:\cpp\cpp\牛客周赛\Round133_C_小红的数字查找.cpp", "C++", 0, -29, 0, 0, -7, -36
"c:\cpp\cpp\牛客周赛\Round133_D_小红的异或分组.cpp", "C++", 0, -22, 0, 0, -5, -27
"c:\cpp\cpp\牛客周赛\Round133_E_小红的路径.cpp", "C++", 0, -151, 0, 0, -22, -173
"c:\cpp\cpp\牛客周赛\Round134_A_Nowcoder Weekly Contest.cpp", "C++", 0, -11, 0, 0, -2, -13
"c:\cpp\cpp\牛客周赛\Round134_B_CPC Medal.cpp", "C++", 0, -18, 0, 0, -6, -24
"c:\cpp\cpp\牛客周赛\Round134_C_Unique Number.cpp", "C++", 0, -24, 0, 0, -10, -34
"c:\cpp\cpp\牛客周赛\Round134_D_ Balanced Array.cpp", "C++", 0, -36, 0, 0, -9, -45
"c:\cpp\cpp\牛客周赛\Round134_E_Maximize The Sum.cpp", "C++", 0, -38, 0, 0, -7, -45
"c:\cpp\cpp\牛客周赛\Round134_F_Palindromic Value.cpp", "C++", 0, -51, 0, 0, -12, -63
"c:\cpp\cpp\牛客周赛\Round135_A_Add Three.cpp", "C++", 0, -14, 0, 0, -4, -18
"c:\cpp\cpp\牛客周赛\Round135_B_Maximize The Count.cpp", "C++", 0, -21, 0, 0, -4, -25
"c:\cpp\cpp\牛客周赛\Round135_C_Permutation Swapping.cpp", "C++", 0, -31, 0, 0, -3, -34
"c:\cpp\cpp\牛客周赛\Round135_D_Two Options.cpp", "C++", 0, -27, 0, 0, -5, -32
"c:\cpp\cpp\牛客周赛\Round135_E_Not Equal.cpp", "C++", 0, -39, 0, -1, -8, -48
"c:\cpp\cpp\牛客周赛\Round135_F_Alone.cpp", "C++", 0, -50, 0, 0, -10, -60
"c:\cpp\cpp\牛客周赛\Round136_A_小红的数组重排.cpp", "C++", 0, -9, 0, 0, -2, -11
"c:\cpp\cpp\牛客周赛\Round136_B_小红的回文串构造.cpp", "C++", 0, -88, 0, -1, -17, -106
"c:\cpp\cpp\牛客周赛\Round136_C_小红的排列.cpp", "C++", 0, -87, 0, -1, -20, -108
"c:\cpp\cpp\牛客周赛\Round136_D_小红的中位数.cpp", "C++", 0, -31, 0, 0, -5, -36
"c:\cpp\cpp\牛客周赛\Round136_E_小红的树上博弈.cpp", "C++", 0, -65, 0, 0, -14, -79
"c:\cpp\cpp\牛客周赛\Round136_F_小红的点构造.cpp", "C++", 0, -61, 0, 0, -12, -73
"c:\cpp\cpp\牛客周赛\Round137_A_小苯的时钟显示.cpp", "C++", 0, -21, 0, 0, -4, -25
"c:\cpp\cpp\牛客周赛\Round137_B_小苯的输入法.cpp", "C++", 0, -42, 0, 0, -7, -49
"c:\cpp\cpp\牛客周赛\Round137_C_小苯的观景路线.cpp", "C++", 0, -30, 0, 0, -6, -36
"c:\cpp\cpp\牛客周赛\Round137_D_小苯的序列涂色.cpp", "C++", 0, -36, 0, 0, -9, -45
"c:\cpp\cpp\牛客周赛\Round137_E_小苯的凝聚区间.cpp", "C++", 0, -37, 0, 0, -6, -43
"c:\cpp\cpp\牛客周赛\Round138_A_小苯的转盘游戏.cpp", "C++", 0, -21, 0, 0, -6, -27
"c:\cpp\cpp\牛客周赛\Round138_B_小苯的最大异或.cpp", "C++", 0, -30, 0, 0, -6, -36
"c:\cpp\cpp\牛客周赛\Round138_C_小苯的数位排序.cpp", "C++", 0, -46, 0, 0, -12, -58
"c:\cpp\cpp\牛客周赛\Round138_D_小苯的路径计数.cpp", "C++", 0, -52, 0, 0, -16, -68
"c:\cpp\cpp\牛客周赛\Round138_E_小苯的对称序列.cpp", "C++", 0, -32, 0, 0, -9, -41
"c:\cpp\cpp\牛客周赛\Round138_F_小苯的对称序列.cpp", "C++", 0, -54, 0, 0, -16, -70
"c:\cpp\cpp\牛客周赛\Round139_A_小红的red.cpp", "C++", 0, -20, 0, 0, -4, -24
"c:\cpp\cpp\牛客周赛\Round139_B_小红的矩阵构造.cpp", "C++", 0, -25, 0, 0, -7, -32
"c:\cpp\cpp\牛客周赛\Round139_C_小红的数据结构.cpp", "C++", 0, -35, 0, 0, -6, -41
"c:\cpp\cpp\牛客周赛\Round139_D_小红的部分相同字符串.cpp", "C++", 0, -43, 0, 0, -8, -51
"c:\cpp\cpp\牛客周赛\Round139_E_小红的树权值.cpp", "C++", 0, -53, 0, 0, -9, -62
"c:\cpp\cpp\牛客周赛\Round139_F_小红的部分不同字符串.cpp", "C++", 0, -65, 0, 0, -18, -83
"c:\cpp\cpp\牛客周赛\Round140_A_小红的区间计数.cpp", "C++", 0, -13, 0, 0, -5, -18
"c:\cpp\cpp\牛客周赛\Round140_B_小红的牛魔.cpp", "C++", 0, -26, 0, 0, -4, -30
"c:\cpp\cpp\牛客周赛\Round140_C_小红的矩阵计数.cpp", "C++", 0, -33, 0, 0, -8, -41
"c:\cpp\cpp\牛客周赛\Round140_E_小红的排序（hard）.cpp", "C++", 0, -63, 0, 0, -18, -81
"c:\cpp\cpp\牛客周赛\Round140_F_小红的三角形构造.cpp", "C++", 0, -47, 0, 0, -12, -59
"c:\cpp\cpp\牛客周赛\Round140_G_小红的生成树构造.cpp", "C++", 0, -95, 0, 0, -22, -117
"c:\cpp\cpp\牛客周赛\Round141_A_回文(version 1）.cpp", "C++", 0, -42, 0, 0, -14, -56
"c:\cpp\cpp\牛客周赛\Round141_B_未知(version 1).cpp", "C++", 0, -22, 0, 0, -9, -31
"c:\cpp\cpp\牛客周赛\Round141_C_回文(version 2).cpp", "C++", 0, -39, 0, 0, -10, -49
"c:\cpp\cpp\牛客周赛\Round141_D_未知(version 2).cpp", "C++", 0, -53, 0, 0, -11, -64
"c:\cpp\cpp\牛客周赛\Round141_D_未知(version 2).java", "Java", 0, 0, -55, 0, -17, -72
"c:\cpp\cpp\牛客周赛\Round141_E_未知(version 3).cpp", "C++", 0, -49, 0, 0, -17, -66
"c:\cpp\cpp\牛客周赛\Round141_F_回文(version 3).cpp", "C++", 0, -61, 0, 0, -11, -72
"c:\cpp\cpp\牛客周赛\Round142_A_小苯的ovo3.0.cpp", "C++", 0, -25, 0, 0, -9, -34
"c:\cpp\cpp\牛客周赛\Round142_B_小苯的双端队列.cpp", "C++", 0, -39, 0, 0, -10, -49
"c:\cpp\cpp\牛客周赛\Round142_C_小苯的整除序列.cpp", "C++", 0, -33, 0, 0, -9, -42
"c:\cpp\cpp\牛客周赛\Round142_D_小苯的幼儿园.cpp", "C++", 0, -45, 0, 0, -12, -57
"c:\cpp\cpp\牛客周赛\Round142_E_小苯的DFS.cpp", "C++", 0, -107, 0, -1, -22, -130
"c:\cpp\cpp\牛客周赛\Round142_E_小苯的区间操作.cpp", "C++", 0, -32, 0, 0, -11, -43
"c:\cpp\cpp\牛客寒假训练赛\牛客竞赛1_B_Card Game.cpp", "C++", 0, -41, 0, 0, -11, -52
"c:\cpp\cpp\牛客寒假训练赛\牛客竞赛1_C_Array Covering.cpp", "C++", 0, -28, 0, 0, -7, -35
"c:\cpp\cpp\牛客寒假训练赛\牛客竞赛1_E_Block Game.cpp", "C++", 0, -22, 0, 0, -4, -26
"c:\cpp\cpp\牛客寒假训练赛\牛客竞赛1_G_Digital Folding.cpp", "C++", 0, -116, 0, 0, -19, -135
"c:\cpp\cpp\牛客寒假训练赛\牛客竞赛1_H_Blackboard.cpp", "C++", 0, -38, 0, 0, -12, -50
"c:\cpp\cpp\牛客寒假训练赛\牛客竞赛1_K_Constructive.cpp", "C++", 0, -25, 0, 0, -4, -29
"c:\cpp\cpp\牛客寒假训练赛\牛客竞赛1_L_Need Zero.cpp", "C++", 0, -17, 0, 0, -3, -20
"c:\cpp\cpp\牛客寒假训练赛\牛客竞赛2_A_比赛安排.cpp", "C++", 0, -18, 0, 0, -3, -21
"c:\cpp\cpp\牛客寒假训练赛\牛客竞赛2_B_ICPC.cpp", "C++", 0, -70, 0, 0, -4, -74
"c:\cpp\cpp\牛客寒假训练赛\牛客竞赛2_E_01矩阵.cpp", "C++", 0, -24, 0, 0, -5, -29
"c:\cpp\cpp\牛客寒假训练赛\牛客竞赛2_F_ xyn .cpp", "C++", 0, -24, 0, 0, -3, -27
"c:\cpp\cpp\牛客寒假训练赛\牛客竞赛2_H_权值计算.cpp", "C++", 0, -27, 0, 0, -4, -31
"c:\cpp\cpp\牛客寒假训练赛\牛客竞赛2_I_01回文.cpp", "C++", 0, -36, 0, 0, -3, -39
"c:\cpp\cpp\牛客寒假训练赛\牛客竞赛3_A_宙天.cpp", "C++", 0, -19, 0, 0, -5, -24
"c:\cpp\cpp\牛客寒假训练赛\牛客竞赛3_B_Random.cpp", "C++", 0, -36, 0, 0, -9, -45
"c:\cpp\cpp\牛客寒假训练赛\牛客竞赛3_F_Energy Synergy Matrix.cpp", "C++", 0, -21, 0, 0, -11, -32
"c:\cpp\cpp\牛客寒假训练赛\牛客竞赛3_G_スピカの天秤.cpp", "C++", 0, -57, 0, 0, -14, -71
"c:\cpp\cpp\牛客寒假训练赛\牛客竞赛3_H_Tic Tac DREAMIN’.cpp", "C++", 0, -23, 0, 0, -10, -33
"c:\cpp\cpp\牛客寒假训练赛\牛客竞赛3_J_Branch of Faith.cpp", "C++", 0, -31, 0, 0, -13, -44
"c:\cpp\cpp\牛客寒假训练赛\牛客竞赛4_A_本场比赛灵感来源于树状数组出题组.cpp", "C++", 0, -56, 0, 0, -14, -70
"c:\cpp\cpp\牛客寒假训练赛\牛客竞赛4_B_构造部落.cpp", "C++", 0, -55, 0, 0, -14, -69
"c:\cpp\cpp\牛客寒假训练赛\牛客竞赛4_C_墨提斯的排列.cpp", "C++", 0, -17, 0, 0, -3, -20
"c:\cpp\cpp\牛客寒假训练赛\牛客竞赛4_F_爱音的01串构造.cpp", "C++", 0, -75, 0, 0, -17, -92
"c:\cpp\cpp\牛客寒假训练赛\牛客竞赛4_H_时不时使使用玉米加农炮掩饰害羞的邻座.cpp", "C++", 0, -117, 0, 0, -27, -144
"c:\cpp\cpp\牛客寒假训练赛\牛客竞赛5_B_智乃的瓷砖.cpp", "C++", 0, -37, 0, 0, -8, -45
"c:\cpp\cpp\牛客寒假训练赛\牛客竞赛5_D_智乃的果子.cpp", "C++", 0, -84, 0, 0, -21, -105
"c:\cpp\cpp\牛客寒假训练赛\牛客竞赛5_F_智乃的算法竞赛群友.cpp", "C++", 0, -32, 0, 0, -13, -45
"c:\cpp\cpp\牛客寒假训练赛\牛客竞赛5_G_智乃的箭头魔术.cpp", "C++", 0, -168, 0, 0, -9, -177
"c:\cpp\cpp\牛客寒假训练赛\牛客竞赛5_J_智乃的幻方.cpp", "C++", 0, -79, 0, 0, -22, -101
"c:\cpp\cpp\牛客寒假训练赛\牛客竞赛6_A_小L的三角尺.cpp", "C++", 0, -81, 0, 0, -19, -100
"c:\cpp\cpp\牛客寒假训练赛\牛客竞赛6_B_小L的彩球.cpp", "C++", 0, -70, 0, 0, -17, -87
"c:\cpp\cpp\牛客寒假训练赛\牛客竞赛6_G_小L的散步.cpp", "C++", 0, -81, 0, 0, -19, -100
"c:\cpp\cpp\牛客寒假训练赛\牛客竞赛6_H_小L的数组.cpp", "C++", 0, -71, 0, 0, -17, -88
"c:\cpp\cpp\牛客寒假训练赛\牛客竞赛6_K_小L的游戏1.cpp", "C++", 0, -55, 0, 0, -13, -68
"c:\cpp\cpp\牛客每日一题\3.11_Tokitsukaze and Colorful Chessboard.cpp", "C++", 0, -27, 0, 0, -7, -34
"c:\cpp\cpp\牛客每日一题\3.12_食物链计数.cpp", "C++", 0, -55, 0, -1, -13, -69
"c:\cpp\cpp\牛客每日一题\3.13_显生之宙.cpp", "C++", 0, -39, 0, 0, -12, -51
"c:\cpp\cpp\牛客每日一题\3.14_清楚姐姐买竹鼠.cpp", "C++", 0, -13, 0, 0, -5, -18
"c:\cpp\cpp\牛客每日一题\3.15_多重背包.cpp", "C++", 0, -41, 0, 0, -7, -48
"c:\cpp\cpp\牛客每日一题\3.16_三视图.cpp", "C++", 0, -37, 0, 0, -9, -46
"c:\cpp\cpp\牛客每日一题\3.17_刷题统计.cpp", "C++", 0, -14, 0, 0, -2, -16
"c:\cpp\cpp\牛客每日一题\3.18_空调遥控.cpp", "C++", 0, -28, 0, 0, -7, -35
"c:\cpp\cpp\牛客每日一题\3.19_小红的连续段.cpp", "C++", 0, -56, 0, 0, -12, -68
"c:\cpp\cpp\牛客每日一题\3.20_汉堡猪猪分糖果.cpp", "C++", 0, -34, 0, 0, -7, -41
"c:\cpp\cpp\牛客每日一题\3.21_乘之.cpp", "C++", 0, -20, 0, 0, -3, -23
"c:\cpp\cpp\牛客每日一题\3.22_游游的最长稳定子数组.cpp", "C++", 0, -24, 0, 0, -5, -29
"c:\cpp\cpp\牛客每日一题\3.24_太阳之华.cpp", "C++", 0, -72, 0, 0, -16, -88
"c:\cpp\cpp\牛客每日一题\3.25_Kevin的矩阵.cpp", "C++", 0, -42, 0, 0, -9, -51
"c:\cpp\cpp\牛客每日一题\3.26_小红开宝箱(匈牙利算法).cpp", "C++", 0, -52, 0, 0, -9, -61
"c:\cpp\cpp\牛客每日一题\3.27_浮木博弈.cpp", "C++", 0, -34, 0, 0, -4, -38
"c:\cpp\cpp\牛客每日一题\3.28_Forsaken喜欢数论.cpp", "C++", 0, -19, 0, 0, -4, -23
"c:\cpp\cpp\牛客每日一题\3.29_喝可乐.cpp", "C++", 0, -41, 0, 0, -7, -48
"c:\cpp\cpp\牛客每日一题\3.2_恶魔果实.cpp", "C++", 0, -36, 0, 0, -9, -45
"c:\cpp\cpp\牛客每日一题\3.30_小苯的ovo2.0.cpp", "C++", 0, -54, 0, 0, -9, -63
"c:\cpp\cpp\牛客每日一题\3.31_最大最小路.cpp", "C++", 0, -53, 0, 0, -7, -60
"c:\cpp\cpp\牛客每日一题\3.3_字段和.cpp", "C++", 0, -36, 0, 0, -6, -42
"c:\cpp\cpp\牛客每日一题\3.4_多米诺骨牌.cpp", "C++", 0, -59, 0, 0, -15, -74
"c:\cpp\cpp\牛客每日一题\3.5_走迷宫.cpp", "C++", 0, -52, 0, 0, -18, -70
"c:\cpp\cpp\牛客每日一题\3.6_不点两面.cpp", "C++", 0, -46, 0, 0, -7, -53
"c:\cpp\cpp\牛客每日一题\3.8_连分数.cpp", "C++", 0, -51, 0, 0, -14, -65
"c:\cpp\cpp\牛客每日一题\3.9_小苯的水池.cpp", "C++", 0, -61, 0, 0, -12, -73
"c:\cpp\cpp\牛客每日一题\4.10_小红的图上加边.cpp", "C++", 0, -54, 0, 0, -11, -65
"c:\cpp\cpp\牛客每日一题\4.11_圆覆盖.cpp", "C++", 0, -44, 0, 0, -9, -53
"c:\cpp\cpp\牛客每日一题\4.12_小红背单词.cpp", "C++", 0, -24, 0, 0, -5, -29
"c:\cpp\cpp\牛客每日一题\4.13_元素方碑.cpp", "C++", 0, -37, 0, 0, -8, -45
"c:\cpp\cpp\牛客每日一题\4.14_小美的01串翻转.cpp", "C++", 0, -36, 0, 0, -6, -42
"c:\cpp\cpp\牛客每日一题\4.15_数独数组.cpp", "C++", 0, -23, 0, 0, -4, -27
"c:\cpp\cpp\牛客每日一题\4.17_小红树上染色.cpp", "C++", 0, -36, 0, 0, -9, -45
"c:\cpp\cpp\牛客每日一题\4.18_分元宵.cpp", "C++", 0, -29, 0, 0, -5, -34
"c:\cpp\cpp\牛客每日一题\4.1_冥古之潮.cpp", "C++", 0, -53, 0, 0, -11, -64
"c:\cpp\cpp\牛客每日一题\4.20_小红的完全二叉树构造.cpp", "C++", 0, -16, 0, 0, -6, -22
"c:\cpp\cpp\牛客每日一题\4.21_dd爱框框.cpp", "C++", 0, -34, 0, 0, -9, -43
"c:\cpp\cpp\牛客每日一题\4.21_穷哈哈~.cpp", "C++", 0, -35, 0, 0, -6, -41
"c:\cpp\cpp\牛客每日一题\4.23_异或和.cpp", "C++", 0, -22, 0, 0, -8, -30
"c:\cpp\cpp\牛客每日一题\4.24_丛林木马.cpp", "C++", 0, -40, 0, 0, -9, -49
"c:\cpp\cpp\牛客每日一题\4.25_小苯的01背包（easy）.cpp", "C++", 0, -41, 0, 0, -11, -52
"c:\cpp\cpp\牛客每日一题\4.26_Poi 的新加法.cpp", "C++", 0, -33, 0, 0, -9, -42
"c:\cpp\cpp\牛客每日一题\4.27_旅行者的大逃脱.cpp", "C++", 0, -79, 0, -1, -18, -98
"c:\cpp\cpp\牛客每日一题\4.28_判断质数.cpp", "C++", 0, -45, 0, 0, -13, -58
"c:\cpp\cpp\牛客每日一题\4.29_猫猫与数学.cpp", "C++", 0, -56, 0, 0, -16, -72
"c:\cpp\cpp\牛客每日一题\4.2_收集金币.cpp", "C++", 0, -38, 0, 0, -9, -47
"c:\cpp\cpp\牛客每日一题\4.30_整数域二分.cpp", "C++", 0, -30, 0, -23, -18, -71
"c:\cpp\cpp\牛客每日一题\4.3_1=N.cpp", "C++", 0, -26, 0, 0, -6, -32
"c:\cpp\cpp\牛客每日一题\4.4_树上行走.cpp", "C++", 0, -78, 0, 0, -15, -93
"c:\cpp\cpp\牛客每日一题\4.5_Kevin喜欢零.cpp", "C++", 0, -46, 0, 0, -13, -59
"c:\cpp\cpp\牛客每日一题\4.6_小苯的麦克斯.cpp", "C++", 0, -59, 0, 0, -7, -66
"c:\cpp\cpp\牛客每日一题\4.7_计算一年中的第几天.cpp", "C++", 0, -109, 0, -1, -12, -122
"c:\cpp\cpp\牛客每日一题\4.8_抽卡.cpp", "C++", 0, -47, 0, 0, -10, -57
"c:\cpp\cpp\牛客每日一题\4.9_绿豆蛙的归宿.cpp", "C++", 0, -39, 0, 0, -10, -49
"c:\cpp\cpp\牛客每日一题\5.1_小红关鸡.cpp", "C++", 0, -32, 0, 0, -12, -44
"c:\cpp\cpp\牛客每日一题\5.2_剪纸游戏.cpp", "C++", 0, -80, 0, 0, -20, -100
"c:\cpp\cpp\牛客每日一题\5.3_前缀平方和序列.cpp", "C++", 0, -35, 0, 0, -11, -46
"c:\cpp\cpp\牛客每日一题\5.4_操作数组.cpp", "C++", 0, -33, 0, 0, -9, -42
"c:\cpp\cpp\算法\动态规划\dp_区间dp_切棍子的最小代价.cpp", "C++", 0, -30, 0, -13, -15, -58
"c:\cpp\cpp\算法\动态规划\dp_区间dp_合唱队.cpp", "C++", 0, -45, 0, 0, -12, -57
"c:\cpp\cpp\算法\动态规划\dp_区间dp_合并石头的最低成本.cpp", "C++", 0, -27, 0, 0, -9, -36
"c:\cpp\cpp\算法\动态规划\dp_区间dp_回文字串.cpp", "C++", 0, -21, 0, 0, -7, -28
"c:\cpp\cpp\算法\动态规划\dp_区间dp_多边形三角剖分的最低得分.cpp", "C++", 0, -21, 0, 0, -4, -25
"c:\cpp\cpp\算法\动态规划\dp_区间dp_奇怪的打印机.cpp", "C++", 0, -30, 0, 0, -7, -37
"c:\cpp\cpp\算法\动态规划\dp_区间dp_戳气球.cpp", "C++", 0, -25, 0, 0, -8, -33
"c:\cpp\cpp\算法\动态规划\dp_区间dp_统计不同回文子序列.cpp", "C++", 0, 0, 0, 0, -1, -1
"c:\cpp\cpp\算法\动态规划\dp_区间dp_预测赢家.cpp", "C++", 0, -27, 0, 0, -8, -35
"c:\cpp\cpp\算法\动态规划\dp_树型dp_二叉搜索子树的最大键值和.cpp", "C++", 0, 0, 0, 0, -1, -1
"c:\cpp\cpp\算法\动态规划\dp_树型dp_二叉树的直径.cpp", "C++", 0, 0, 0, 0, -1, -1
"c:\cpp\cpp\算法\动态规划\dp_树型dp_在二叉树中分配硬币.cpp", "C++", 0, 0, 0, 0, -1, -1
"c:\cpp\cpp\算法\动态规划\dp_树型dp_找到二叉树中的最大搜索二叉子树.java", "Java", 0, 0, 0, 0, -1, -1
"c:\cpp\cpp\算法\动态规划\dp_树型dp_没有上司的舞会.cpp", "C++", 0, -42, 0, -1, -10, -53
"c:\cpp\cpp\算法\动态规划\dp_线性dp_上台阶.cpp", "C++", 0, -23, 0, 0, -8, -31
"c:\cpp\cpp\算法\动态规划\dp_线性dp_乌龟棋.cpp", "C++", 0, -40, 0, 0, -9, -49
"c:\cpp\cpp\算法\动态规划\dp_线性dp_最大字段和.cpp", "C++", 0, -20, 0, 0, -8, -28
"c:\cpp\cpp\算法\动态规划\dp_经典线性dp_blackbroad.cpp", "C++", 0, -38, 0, 0, -12, -50
"c:\cpp\cpp\算法\动态规划\dp_经典线性dp_合唱队形.cpp", "C++", 0, -35, 0, 0, -8, -43
"c:\cpp\cpp\算法\动态规划\dp_经典线性dp_大师.cpp", "C++", 0, -26, 0, 0, -6, -32
"c:\cpp\cpp\算法\动态规划\dp_经典线性dp_最长上升子序列1.cpp", "C++", 0, -24, 0, 0, -7, -31
"c:\cpp\cpp\算法\动态规划\dp_经典线性dp_最长上升子序列2.cpp", "C++", 0, -29, 0, 0, -7, -36
"c:\cpp\cpp\算法\动态规划\dp_经典线性dp_牛可乐和最长公共子序列.cpp", "C++", 0, -26, 0, 0, -11, -37
"c:\cpp\cpp\算法\动态规划\dp_经典线性dp_编辑距离.cpp", "C++", 0, -26, 0, 0, -8, -34
"c:\cpp\cpp\算法\动态规划\dp_背包_01背包_Cow Frisbee Team.cpp", "C++", 0, -29, 0, 0, -9, -38
"c:\cpp\cpp\算法\动态规划\dp_背包_01背包_小a点菜.cpp", "C++", 0, -22, 0, 0, -7, -29
"c:\cpp\cpp\算法\动态规划\dp_背包_01背包_模板.cpp", "C++", 0, -40, 0, 0, -11, -51
"c:\cpp\cpp\算法\动态规划\dp_背包_01背包_采药.cpp", "C++", 0, -25, 0, 0, -7, -32
"c:\cpp\cpp\算法\动态规划\dp_背包_分组背包_樱花.cpp", "C++", 0, -51, 0, 0, -10, -61
"c:\cpp\cpp\算法\动态规划\dp_背包_分组背包_通天之分组背包.cpp", "C++", 0, -33, 0, 0, -7, -40
"c:\cpp\cpp\算法\动态规划\dp_背包_多重背包_摆花.cpp", "C++", 0, -26, 0, 0, -6, -32
"c:\cpp\cpp\算法\动态规划\dp_背包_多重背包_模板.cpp", "C++", 0, -26, 0, 0, -7, -33
"c:\cpp\cpp\算法\动态规划\dp_背包_多重背包_模板_二进制优化.cpp", "C++", 0, -38, 0, 0, -9, -47
"c:\cpp\cpp\算法\动态规划\dp_背包_完全背包_Buying Hay.cpp", "C++", 0, -24, 0, 0, -9, -33
"c:\cpp\cpp\算法\动态规划\dp_背包_完全背包_模板.cpp", "C++", 0, -34, 0, 0, -10, -44
"c:\cpp\cpp\算法\动态规划\dp_背包_完全背包_疯狂的采药.cpp", "C++", 0, -22, 0, 0, -9, -31
"c:\cpp\cpp\算法\动态规划\dp_背包_完全背包_纪念品.cpp", "C++", 0, -39, 0, 0, -8, -47
"c:\cpp\cpp\算法\动态规划\dp_记忆化搜索_下台阶.cpp", "C++", 0, -22, 0, -3, -11, -36
"c:\cpp\cpp\算法\动态规划\dp_记忆化搜索_数字三角形.cpp", "C++", 0, -29, 0, -2, -6, -37
"c:\cpp\cpp\算法\动态规划\dp_路径类dp_「木」迷雾森林.cpp", "C++", 0, -36, 0, 0, -8, -44
"c:\cpp\cpp\算法\动态规划\dp_路径类dp_矩阵最小路径和.cpp", "C++", 0, -21, 0, 0, -5, -26
"c:\cpp\cpp\算法\动态规划\dp_路径类dp_过河卒.cpp", "C++", 0, -46, 0, 0, -11, -57
"c:\cpp\cpp\算法\动态规划\记忆化搜索_切棍子的最小代价.cpp", "C++", 0, -29, 0, 0, -11, -40
"c:\cpp\cpp\算法\动态规划\记忆化搜索_多边形三角剖分的最低得分.cpp", "C++", 0, -25, 0, 0, -7, -32
"c:\cpp\cpp\算法\动态规划\记忆化搜索_布尔运算.cpp", "C++", 0, -50, 0, 0, -10, -60
"c:\cpp\cpp\算法\动态规划\记忆化搜索_戳气球.cpp", "C++", 0, -26, 0, -2, -8, -36
"c:\cpp\cpp\算法\动态规划\记忆化搜索_括号区间匹配.cpp", "C++", 0, -40, 0, 0, -11, -51
"c:\cpp\cpp\算法\动态规划\记忆化搜索_斐波那契数.cpp", "C++", 0, -18, 0, 0, -11, -29
"c:\cpp\cpp\算法\动态规划\记忆化搜索_滑雪.cpp", "C++", 0, -45, 0, 0, -14, -59
"c:\cpp\cpp\算法\动态规划\记忆化搜索_移除盒子.cpp", "C++", 0, -28, 0, 0, -9, -37
"c:\cpp\cpp\算法\动态规划\记忆化搜索_预测赢家.cpp", "C++", 0, -32, 0, 0, -12, -44
"c:\cpp\cpp\算法\图论\图0_洪水填充_被围绕的区域.cpp", "C++", 0, -36, 0, 0, -6, -42
"c:\cpp\cpp\算法\图论\图1_并查集模板_并查集的实现.cpp", "C++", 0, -68, 0, 0, -15, -83
"c:\cpp\cpp\算法\图论\图1_最小生成树_ Watering Hole G.cpp", "C++", 0, -65, 0, 0, -20, -85
"c:\cpp\cpp\算法\图论\图2_最小生成树_Kruskal.cpp", "C++", 0, -56, 0, 0, -17, -73
"c:\cpp\cpp\算法\图论\图2_最小生成树_Prim.cpp", "C++", 0, -43, 0, 0, -12, -55
"c:\cpp\cpp\算法\图论\图3_双向广搜_世界冰球锦标赛.cpp", "C++", 0, -50, 0, 0, -13, -63
"c:\cpp\cpp\算法\图论\图3_双向广搜_单词接龙.cpp", "C++", 0, -49, 0, -2, -10, -61
"c:\cpp\cpp\算法\图论\图3_双向广搜_最接近目标值的子序列和.cpp", "C++", 0, -35, 0, 0, -15, -50
"c:\cpp\cpp\算法\图论\图4_Dijkstra_单源最短路径.cpp", "C++", 0, -42, 0, -25, -15, -82
"c:\cpp\cpp\算法\图论\图4_Dijkstra_单源最短路径_反向索引堆优化.cpp", "C++", 0, -94, 0, 0, -22, -116
"c:\cpp\cpp\算法\图论\图4_Dijkstra_最小体力消耗路径.cpp", "C++", 0, -55, 0, 0, -14, -69
"c:\cpp\cpp\算法\图论\图5_A星_Shortest Path with Obstacle.cpp", "C++", 0, -58, 0, -18, -30, -106
"c:\cpp\cpp\算法\图论\图5_Bellman_Ford_K 站中转内最便宜的航.cpp", "C++", 0, -23, 0, 0, -6, -29
"c:\cpp\cpp\算法\图论\图5_Floyd_Clear And Present Danger S.cpp", "C++", 0, -40, 0, 0, -11, -51
"c:\cpp\cpp\算法\图论\图5_Floyd_Clear_SPFA_负环.cpp", "C++", 0, -68, 0, 0, -18, -86
"c:\cpp\cpp\算法\排序\o.快速排序.cpp", "C++", 0, -43, 0, -4, -23, -70
"c:\cpp\cpp\算法\排序\o冒泡排序.cpp", "C++", 0, -30, 0, 0, -18, -48
"c:\cpp\cpp\算法\排序\o堆排序.cpp", "C++", 0, -53, 0, -5, -27, -85
"c:\cpp\cpp\算法\排序\o归并排序.cpp", "C++", 0, -35, 0, -3, -24, -62
"c:\cpp\cpp\算法\排序\o插入排序.cpp", "C++", 0, -30, 0, 0, -12, -42
"c:\cpp\cpp\算法\排序\o选择排序.cpp", "C++", 0, -33, 0, -5, -18, -56
"c:\cpp\cpp\算法\排序\o随机数.cpp", "C++", 0, -17, 0, 0, -13, -30
"c:\cpp\cpp\算法\数据结构\字典树_于是他错误的点名开始了.cpp", "C++", 0, -62, 0, 0, -14, -76
"c:\cpp\cpp\算法\数据结构\字典树_模板.cpp", "C++", 0, -70, 0, 0, -16, -86
"c:\cpp\cpp\算法\数据结构\栈.cpp", "C++", 0, -31, 0, -7, -18, -56
"c:\cpp\cpp\算法\数据结构\栈_stack.cpp", "C++", 0, -15, 0, 0, -5, -20
"c:\cpp\cpp\算法\数据结构\栈_单调栈.cpp", "C++", 0, -39, 0, 0, -16, -55
"c:\cpp\cpp\算法\数据结构\树_bfs遍历.cpp", "C++", 0, -75, 0, 0, -36, -111
"c:\cpp\cpp\算法\数据结构\树_dfs遍历.cpp", "C++", 0, -61, 0, -2, -31, -94
"c:\cpp\cpp\算法\数据结构\树_vector存储.cpp", "C++", 0, -17, 0, -1, -11, -29
"c:\cpp\cpp\算法\数据结构\树_让我们异或吧.cpp", "C++", 0, -40, 0, 0, -13, -53
"c:\cpp\cpp\算法\数据结构\树_链式前向星.cpp", "C++", 0, -21, 0, -1, -12, -34
"c:\cpp\cpp\算法\数据结构\线段树_树状数组1.cpp", "C++", 0, -61, 0, 0, -15, -76
"c:\cpp\cpp\算法\数据结构\线段树_模板1.cpp", "C++", 0, -82, 0, 0, -19, -101
"c:\cpp\cpp\算法\数据结构\链表单.cpp", "C++", 0, -44, 0, -5, -17, -66
"c:\cpp\cpp\算法\数据结构\链表双.cpp", "C++", 0, -51, 0, -26, -27, -104
"c:\cpp\cpp\算法\数据结构\队列.cpp", "C++", 0, -23, 0, -7, -13, -43
"c:\cpp\cpp\算法\数据结构\队列_queue.cpp", "C++", 0, -16, 0, 0, -8, -24
"c:\cpp\cpp\算法\数据结构\队列_单调队列滑动窗口.cpp", "C++", 0, -38, 0, 0, -15, -53
"c:\cpp\cpp\算法\数据结构\队列_单调队列质量检测.cpp", "C++", 0, -19, 0, 0, -9, -28
"c:\cpp\cpp\算法\数据结构\队列_模拟_约瑟夫.cpp", "C++", 0, -58, 0, -2, -16, -76
"c:\cpp\cpp\算法\数据结构\队列_约瑟夫_数学.cpp", "C++", 0, -28, 0, 0, -5, -33
"c:\cpp\cpp\算法\数据结构\队列_约瑟夫环.cpp", "C++", 0, -30, 0, 0, -12, -42
"c:\cpp\cpp\算法\数论\bidtset.cpp", "C++", 0, -23, 0, -3, -5, -31
"c:\cpp\cpp\算法\数论\倍增_快速幂.cpp", "C++", 0, -19, 0, 0, -7, -26
"c:\cpp\cpp\算法\数论\倍增_阶乘_逆元.cpp", "C++", 0, -61, 0, -1, -13, -75
"c:\cpp\cpp\算法\数论\枚举_埃氏筛法.cpp", "C++", 0, -29, 0, 0, -8, -37
"c:\cpp\cpp\算法\数论\递归_最大公约数_（扩展欧几里得算法）.cpp", "C++", 0, -19, 0, 0, -7, -26
"c:\cpp\cpp\算法\数论\递归_最大公约数_（欧几里得算法）.cpp", "C++", 0, -30, 0, 0, -11, -41
"c:\cpp\cpp\算法\查找与遍历\BFS_传送迷宫.cpp", "C++", 0, -84, 0, -9, -27, -120
"c:\cpp\cpp\算法\查找与遍历\BFS_马的遍历.cpp", "C++", 0, -41, 0, -2, -17, -60
"c:\cpp\cpp\算法\查找与遍历\DFS_选数.cpp", "C++", 0, -38, 0, 0, -11, -49
"c:\cpp\cpp\算法\查找与遍历\DFS_黑皇后.cpp", "C++", 0, -57, 0, -1, -16, -74
"c:\cpp\cpp\算法\查找与遍历\lct.cpp", "C++", 0, -69, 0, 0, -31, -100
"c:\cpp\cpp\算法\查找与遍历\二分_Flower_Rainbow_and_Balloon.cpp", "C++", 0, -56, 0, -3, -22, -81
"c:\cpp\cpp\算法\查找与遍历\二分_切割木材.cpp", "C++", 0, -40, 0, 0, -12, -52
"c:\cpp\cpp\算法\查找与遍历\二分_教主的魔法.cpp", "C++", 0, -23, 0, 0, -5, -28
"c:\cpp\cpp\算法\查找与遍历\二分_查找相同元素先末.cpp", "C++", 0, -42, 0, -3, -19, -64
"c:\cpp\cpp\算法\查找与遍历\分治_逆序数.cpp", "C++", 0, -37, 0, 0, -21, -58
"c:\cpp\cpp\算法\查找与遍历\前缀和_一维前缀和.cpp", "C++", 0, -20, 0, 0, -12, -32
"c:\cpp\cpp\算法\查找与遍历\前缀和_最小子代和.cpp", "C++", 0, -23, 0, 0, -7, -30
"c:\cpp\cpp\算法\查找与遍历\双指针_Flower_Rainbow_and_Balloon.cpp", "C++", 0, -46, 0, 0, -15, -61
"c:\cpp\cpp\算法\查找与遍历\双指针_Price Maximization.cpp", "C++", 0, -43, 0, 0, -8, -51
"c:\cpp\cpp\算法\查找与遍历\双指针_合并有序数组.cpp", "C++", 0, -29, 0, 0, -18, -47
"c:\cpp\cpp\算法\查找与遍历\双指针_唯一的雪花.cpp", "C++", 0, -29, 0, -5, -12, -46
"c:\cpp\cpp\算法\查找与遍历\双指针_颜色分类.cpp", "C++", 0, -29, 0, 0, -14, -43
"c:\cpp\cpp\算法\查找与遍历\哈希_183183.cpp", "C++", 0, -50, 0, -3, -17, -70
"c:\cpp\cpp\算法\查找与遍历\哈希_字符串_字符串哈希.cpp", "C++", 0, -29, 0, 0, -11, -40
"c:\cpp\cpp\算法\查找与遍历\哈希_字符串哈希_ 兔子与兔子.cpp", "C++", 0, -38, 0, 0, -11, -49
"c:\cpp\cpp\算法\查找与遍历\差分_一维差分.cpp", "C++", 0, -32, 0, -4, -10, -46
"c:\cpp\cpp\算法\查找与遍历\差分_海底铁路.cpp", "C++", 0, -34, 0, 0, -16, -50
"c:\cpp\cpp\算法\查找与遍历\记忆化搜索_斐波那契数.cpp", "C++", 0, -18, 0, 0, -11, -29
"c:\cpp\cpp\算法\查找与遍历\记忆化搜索_滑雪.cpp", "C++", 0, -45, 0, 0, -14, -59
"c:\cpp\cpp\算法\模拟_枚举_贪心\枚举_埃氏筛法.cpp", "C++", 0, -29, 0, 0, -8, -37
"c:\cpp\cpp\算法\模拟_枚举_贪心\枚举_子集.cpp", "C++", 0, -19, 0, 0, -13, -32
"c:\cpp\cpp\算法\模拟_枚举_贪心\枚举_统计方形.cpp", "C++", 0, -26, 0, 0, -16, -42
"c:\cpp\cpp\算法\模拟_枚举_贪心\枚举_费解开关.cpp", "C++", 0, -50, 0, -2, -23, -75
"c:\cpp\cpp\算法\模拟_枚举_贪心\枚举_铺地毯.cpp", "C++", 0, -23, 0, 0, -8, -31
"c:\cpp\cpp\算法\模拟_枚举_贪心\模拟_乒乓球.cpp", "C++", 0, -38, 0, 0, 0, -38
"c:\cpp\cpp\算法\模拟_枚举_贪心\模拟_全概率公式.cpp", "C++", 0, -24, 0, 0, -13, -37
"c:\cpp\cpp\算法\模拟_枚举_贪心\模拟_多项式.cpp", "C++", 0, -25, 0, -3, -13, -41
"c:\cpp\cpp\算法\模拟_枚举_贪心\模拟_扫雷.cpp", "C++", 0, -218, 0, 0, 0, -218
"c:\cpp\cpp\算法\模拟_枚举_贪心\模拟_玩具谜题.cpp", "C++", 0, -27, 0, 0, 0, -27
"c:\cpp\cpp\算法\模拟_枚举_贪心\模拟_蛇形方阵.cpp", "C++", 0, -33, 0, -1, -17, -51
"c:\cpp\cpp\算法\模拟_枚举_贪心\模拟_高精度乘法.cpp", "C++", 0, -38, 0, 0, -1, -39
"c:\cpp\cpp\算法\模拟_枚举_贪心\模拟_高精度加法.cpp", "C++", 0, -24, 0, 0, 0, -24
"c:\cpp\cpp\算法\模拟_枚举_贪心\模拟_魔法少女小Scarlet.cpp", "C++", 0, -92, 0, -2, -1, -95
"c:\cpp\cpp\算法\模拟_枚举_贪心\贪心_Let's Make a Convex!.cpp", "C++", 0, -44, 0, 0, -16, -60
"c:\cpp\cpp\算法\模拟_枚举_贪心\贪心_哈夫曼编码.cpp", "C++", 0, -24, 0, 0, -9, -33
"c:\cpp\cpp\算法\模拟_枚举_贪心\贪心_扫雪.cpp", "C++", 0, -56, 0, 0, -14, -70
"c:\cpp\cpp\算法\模拟_枚举_贪心\贪心_最大子段和.cpp", "C++", 0, -22, 0, 0, -6, -28
"c:\cpp\cpp\算法\模拟_枚举_贪心\贪心_货舱选址.cpp", "C++", 0, -19, 0, 0, -9, -28
"c:\cpp\cpp\算法\递归\剪枝与优化_数的划分.cpp", "C++", 0, -26, 0, 0, -14, -40
"c:\cpp\cpp\算法\递归\递归_最大公约数_（扩展欧几里得算法）.cpp", "C++", 0, -19, 0, 0, -7, -26
"c:\cpp\cpp\算法\递归\递归_最大公约数_（欧几里得算法）.cpp", "C++", 0, -30, 0, 0, -11, -41
"c:\cpp\cpp\算法\递归\递归_汉诺塔问题.cpp", "C++", 0, -17, 0, 0, -9, -26
"c:\cpp\cpp\算法\递归\递归_预测赢家.cpp", "C++", 0, -21, 0, 0, -10, -31
"c:\cpp\cpp\算法\递归\递归枚举回溯_24点.cpp", "C++", 0, -70, 0, 0, -15, -85
"c:\cpp\cpp\算法\递归\递归枚举回溯_全排列.cpp", "C++", 0, -35, 0, 0, -13, -48
"c:\cpp\cpp\算法\递归\递归枚举回溯_枚举子集.cpp", "C++", 0, -25, 0, 0, -6, -31
"c:\cpp\cpp\算法\递归\递归枚举回溯_组合型枚举.cpp", "C++", 0, -25, 0, 0, -8, -33
"Total", "-", 2564, -16703, -55, -263, -4282, -18739